﻿{"cameraMode":{"drawMode":0,"name":"Shaded","section":"Shading Mode"},"sceneLighting":true,"audioPlay":false,"sceneViewState":{"showFog":true,"showMaterialUpdate":false,"showSkybox":true,"showFlares":true,"showImageEffects":true,"showParticleSystems":true},"in2DMode":false,"pivot":{"x":335.8570251464844,"y":187.76657104492188,"z":132.6793212890625},"rotation":{"x":-0.08570423722267151,"y":-0.0008995542302727699,"z":0.00007738418207736686,"w":-0.9963202476501465},"size":666.8447265625,"orthographic":false}